<?xml version="1.0" encoding="UTF-8"?>

<mule xmlns:http="http://www.mulesoft.org/schema/mule/http" xmlns:tracking="http://www.mulesoft.org/schema/mule/ee/tracking" xmlns="http://www.mulesoft.org/schema/mule/core" xmlns:doc="http://www.mulesoft.org/schema/mule/documentation"
	xmlns:spring="http://www.springframework.org/schema/beans" 
	xmlns:xsi="http://www.w3.org/2001/XMLSchema-instance"
	xsi:schemaLocation="http://www.springframework.org/schema/beans http://www.springframework.org/schema/beans/spring-beans-current.xsd
http://www.mulesoft.org/schema/mule/core http://www.mulesoft.org/schema/mule/core/current/mule.xsd
http://www.mulesoft.org/schema/mule/http http://www.mulesoft.org/schema/mule/http/current/mule-http.xsd
http://www.mulesoft.org/schema/mule/ee/tracking http://www.mulesoft.org/schema/mule/ee/tracking/current/mule-tracking-ee.xsd">
    <http:listener-config name="HTTP_Listener_Configuration" host="localhost" port="8081" doc:name="HTTP Listener Configuration"/>
    <flow name="day3-choice-demoFlow">
        <http:listener config-ref="HTTP_Listener_Configuration" path="/test-choice" doc:name="HTTP"/>
        <set-session-variable variableName="myVar" value="#[message.inboundProperties.'http.method']" doc:name="Session Variable"/>
        <logger message="The Http Connector Method  ---&gt; #[sessionVars.myVar]" level="INFO" doc:name="Logger"/>
        <choice doc:name="Choice">
            <when expression="#[sessionVars.myVar=='GET']">
                <flow-ref name="GETLogger-Flow" doc:name="GETLogger-Flow"/>
            </when>
            <when expression="#[sessionVars.myVar=='PUT']">
                <flow-ref name="PUTLogger-Flow" doc:name="PUTLogger-Flow"/>
            </when>
            <otherwise>
                <logger message="This is Default Logger." level="INFO" doc:name="DefaultLogger"/>
            </otherwise>
        </choice>
        <set-payload value="#[sessionVars.myVar] " doc:name="Set Payload"/>
    </flow>
    <sub-flow name="GETLogger-Flow">
        <logger message="This is GET Logger." level="INFO" doc:name="GETLogger"/>
    </sub-flow>
    <sub-flow name="PUTLogger-Flow">
        <logger message="This is PUT Logger" level="INFO" doc:name="PUTLogger"/>
    </sub-flow>
</mule>
