<?xml version="1.0" encoding="UTF-8"?>

<mule xmlns:db="http://www.mulesoft.org/schema/mule/db" xmlns:jdbc-ee="http://www.mulesoft.org/schema/mule/ee/jdbc" xmlns:file="http://www.mulesoft.org/schema/mule/file" xmlns="http://www.mulesoft.org/schema/mule/core" xmlns:doc="http://www.mulesoft.org/schema/mule/documentation"
	xmlns:spring="http://www.springframework.org/schema/beans" 
	xmlns:xsi="http://www.w3.org/2001/XMLSchema-instance"
	xsi:schemaLocation="http://www.mulesoft.org/schema/mule/ee/jdbc http://www.mulesoft.org/schema/mule/ee/jdbc/current/mule-jdbc-ee.xsd
http://www.springframework.org/schema/beans http://www.springframework.org/schema/beans/spring-beans-current.xsd
http://www.mulesoft.org/schema/mule/core http://www.mulesoft.org/schema/mule/core/current/mule.xsd
http://www.mulesoft.org/schema/mule/file http://www.mulesoft.org/schema/mule/file/current/mule-file.xsd
http://www.mulesoft.org/schema/mule/db http://www.mulesoft.org/schema/mule/db/current/mule-db.xsd">
   <configuration doc:name="Configurations">
   	<expression-language autoResolveVariables="true">
   		<import class="org.mule.util.StringUtils"/>
   	</expression-language>
   </configuration>
    <jdbc-ee:mysql-data-source name="MySQL_Data_Source" user="root" password="admin" url="jdbc:mysql://localhost:3306/capdemo" transactionIsolation="UNSPECIFIED" doc:name="MySQL Data Source"/>
    <jdbc-ee:connector name="Database" dataSource-ref="MySQL_Data_Source" validateConnections="true" queryTimeout="-1" pollingFrequency="0" doc:name="Database"/>
    <db:mysql-config name="MySQL_Configuration" host="localhost" port="3306" user="root" password="admin" database="capdemo" doc:name="MySQL Configuration"/>
    <flow name="day4-csv-to-dbFlow">
        <file:inbound-endpoint path="D:\vidavid\Training\2016\MuleSoft_24_OCt_to_11_nov_2016\muledemo\day4\csvfile" responseTimeout="10000" doc:name="File"/>
        <object-to-string-transformer doc:name="Object to String"/>
        <splitter expression="StringUtils.split(message.payload,'\n\r')" doc:name="Splitter" />
        <expression-transformer expression="StringUtils.split(message.payload,',')" doc:name="Expression"/>
        <db:insert config-ref="MySQL_Configuration" doc:name="Database">
            <db:parameterized-query><![CDATA[insert into customer_details values(#[message.payload[0]], #[message.payload[1]], #[message.payload[2]],#[message.payload[3]]);]]></db:parameterized-query>
        </db:insert>
    	<!-- <jdbc-ee:outbound-endpoint connector-ref="Database" doc:name="Database" exchange-pattern="one-way" queryKey="insertRecord" queryTimeout="-1">
            <jdbc-ee:query key="insertRecord" value="insert into customer_details values(#[message.payload[0]],#[message.payload[1]],#[message.payload[2]],#[message.payload[3]]);
"/>
        </jdbc-ee:outbound-endpoint> -->
        
        
    
    </flow>
</mule>
